{
  "ablation_study": "Signal Processing Filters",
  "results_without_filters": {
    "fold": 5.5,
    "NCF_rmse": 0.4352262660699645,
    "NCF_mae": 0.3149989483869076,
    "SASRec_rmse": 0.7916613405835679,
    "SASRec_mae": 0.5983631071762112,
    "LightGCN_rmse": 0.8883923044643662,
    "LightGCN_mae": 0.7097521761751009,
    "MF_rmse": 0.8561326709660536,
    "MF_mae": 0.6694411479449192,
    "ensemble_rmse": 0.5252078935574658,
    "ensemble_mae": 0.4064991979730129,
    "simple_ensemble_rmse": 0.5493642057712254,
    "simple_ensemble_mae": 0.4288666609960451,
    "ensemble_ndcg@5": 0.9433042961323478,
    "ensemble_hr@5": 0.9986938295761825,
    "ensemble_precision@5": 0.7732426921833134,
    "ensemble_recall@5": 0.8377228951136215,
    "ensemble_ndcg@10": 0.9596896125469725,
    "ensemble_hr@10": 0.9995684598625776,
    "ensemble_precision@10": 0.4945036143204951,
    "ensemble_recall@10": 0.9688361632376976,
    "ensemble_ndcg@20": 0.963578722973639,
    "ensemble_hr@20": 1.0,
    "ensemble_precision@20": 0.26661929210134494,
    "ensemble_recall@20": 0.9933986208164634,
    "NCF_rmse_std": 0.18158410375058998,
    "NCF_mae_std": 0.1436230446848281,
    "SASRec_rmse_std": 0.02661871615240298,
    "SASRec_mae_std": 0.025488680634484125,
    "LightGCN_rmse_std": 0.006918224613674661,
    "LightGCN_mae_std": 0.00646459739561569,
    "MF_rmse_std": 0.007687414848731787,
    "MF_mae_std": 0.005005533911692409,
    "ensemble_rmse_std": 0.1302662300666085,
    "ensemble_mae_std": 0.10186879473866894,
    "simple_ensemble_rmse_std": 0.12382943329387236,
    "simple_ensemble_mae_std": 0.09692566654182092,
    "ensemble_ndcg@5_std": 0.04813083406576766,
    "ensemble_hr@5_std": 0.0022134425613135945,
    "ensemble_precision@5_std": 0.03303497277802943,
    "ensemble_recall@5_std": 0.025845025339635813,
    "ensemble_ndcg@10_std": 0.033274361289432224,
    "ensemble_hr@10_std": 0.0008631311193433677,
    "ensemble_precision@10_std": 0.013979090550576395,
    "ensemble_recall@10_std": 0.004673810638886761,
    "ensemble_ndcg@20_std": 0.03076207429219602,
    "ensemble_hr@20_std": 0.0,
    "ensemble_precision@20_std": 0.007064504054241261,
    "ensemble_recall@20_std": 0.0007138481868498662,
    "fold_rmses": [
      0.7877878914720773,
      0.7012579216264917,
      0.6073203761352796,
      0.5471978005163887,
      0.5206228268366749,
      0.46181119780888596,
      0.4421001568606923,
      0.41066024550483443,
      0.39240073704708756,
      0.380919781766245
    ],
    "experiment_name": "AEEMU_No_Filters",
    "n_folds": 10,
    "use_filters": false,
    "model_config": [
      "NCF",
      "SASRec",
      "LightGCN",
      "MF"
    ]
  },
  "results_with_filters": {
    "fold": 5.5,
    "NCF_rmse": 0.2105920339568546,
    "NCF_mae": 0.13362455921292304,
    "SASRec_rmse": 0.7678626236815654,
    "SASRec_mae": 0.5638726800394058,
    "LightGCN_rmse": 0.9780314577547777,
    "LightGCN_mae": 0.7824238634882288,
    "MF_rmse": 0.8561326709660536,
    "MF_mae": 0.6694411479449192,
    "ensemble_rmse": 0.48039808294322717,
    "ensemble_mae": 0.37665106864213943,
    "simple_ensemble_rmse": 0.35710766542451056,
    "simple_ensemble_mae": 0.279176092622448,
    "ensemble_ndcg@5": 0.9806044813121302,
    "ensemble_hr@5": 1.0,
    "ensemble_precision@5": 0.7960705479677682,
    "ensemble_recall@5": 0.8605178222093339,
    "ensemble_ndcg@10": 0.9859287159608815,
    "ensemble_hr@10": 1.0,
    "ensemble_precision@10": 0.4992081866087921,
    "ensemble_recall@10": 0.9739247964003124,
    "ensemble_ndcg@20": 0.987189805266641,
    "ensemble_hr@20": 1.0,
    "ensemble_precision@20": 0.26723308473279717,
    "ensemble_recall@20": 0.9939909025612506,
    "NCF_rmse_std": 0.02741641284471929,
    "NCF_mae_std": 0.01901991501968726,
    "SASRec_rmse_std": 0.009195826382794875,
    "SASRec_mae_std": 0.008997503999983093,
    "LightGCN_rmse_std": 0.025257669486654526,
    "LightGCN_mae_std": 0.02030341657825086,
    "MF_rmse_std": 0.007687414848731787,
    "MF_mae_std": 0.005005533911692409,
    "ensemble_rmse_std": 0.026636954895582817,
    "ensemble_mae_std": 0.020828629414459933,
    "simple_ensemble_rmse_std": 0.0284367871757789,
    "simple_ensemble_mae_std": 0.021278656951479322,
    "ensemble_ndcg@5_std": 0.0052109772863350315,
    "ensemble_hr@5_std": 0.0,
    "ensemble_precision@5_std": 0.010848512655789642,
    "ensemble_recall@5_std": 0.006755875298807981,
    "ensemble_ndcg@10_std": 0.0031054302356876237,
    "ensemble_hr@10_std": 0.0,
    "ensemble_precision@10_std": 0.010559799593405965,
    "ensemble_recall@10_std": 0.0023069502454686323,
    "ensemble_ndcg@20_std": 0.003145458913112306,
    "ensemble_hr@20_std": 0.0,
    "ensemble_precision@20_std": 0.006624341882554862,
    "ensemble_recall@20_std": 0.0005694709682532917,
    "fold_rmses": [
      0.5031965182161452,
      0.4988773312183491,
      0.49543330052629986,
      0.5316307536886012,
      0.4770634921165638,
      0.48351049750053465,
      0.47149038118660686,
      0.44156657941493616,
      0.4505863851772503,
      0.45062559038698446
    ],
    "experiment_name": "AEEMU_With_Filters",
    "n_folds": 10,
    "use_filters": true,
    "model_config": [
      "NCF",
      "SASRec",
      "LightGCN",
      "MF"
    ]
  },
  "improvements": {
    "ensemble_rmse": 0.04480981061423861,
    "ensemble_mae": 0.029848129330873496
  },
  "timestamp": "20260314_150921"
}