{
  "ablation_study": "Signal Processing Filters",
  "results_without_filters": {
    "fold": 5.5,
    "NCF_rmse": 0.5246981994823664,
    "NCF_mae": 0.37461541274333,
    "SASRec_rmse": 1.1369387828257473,
    "SASRec_mae": 0.9524512029118277,
    "LightGCN_rmse": 1.4194142042052804,
    "LightGCN_mae": 1.1268795157987606,
    "MF_rmse": 1.1603694307830401,
    "MF_mae": 0.983656652851057,
    "ensemble_rmse": 0.8250322841161613,
    "ensemble_mae": 0.6929871016055584,
    "simple_ensemble_rmse": 0.8885399800486627,
    "simple_ensemble_mae": 0.7526781290812278,
    "ensemble_ndcg@5": 0.6383905602891897,
    "ensemble_hr@5": 0.75,
    "ensemble_precision@5": 0.17083333333333334,
    "ensemble_recall@5": 0.75,
    "ensemble_ndcg@10": 0.6383905602891897,
    "ensemble_hr@10": 0.75,
    "ensemble_precision@10": 0.08541666666666667,
    "ensemble_recall@10": 0.75,
    "ensemble_ndcg@20": 0.6383905602891897,
    "ensemble_hr@20": 0.75,
    "ensemble_precision@20": 0.042708333333333334,
    "ensemble_recall@20": 0.75,
    "NCF_rmse_std": 0.2714588685185059,
    "NCF_mae_std": 0.2214342178105682,
    "SASRec_rmse_std": 0.009464437913666744,
    "SASRec_mae_std": 0.008673585891422537,
    "LightGCN_rmse_std": 0.08666105605187086,
    "LightGCN_mae_std": 0.08735674172646317,
    "MF_rmse_std": 0.005908429904705998,
    "MF_mae_std": 0.007501532087198808,
    "ensemble_rmse_std": 0.10608214155180518,
    "ensemble_mae_std": 0.08747318004830508,
    "simple_ensemble_rmse_std": 0.11408597557591027,
    "simple_ensemble_mae_std": 0.09832604433863416,
    "ensemble_ndcg@5_std": 0.3802648280546541,
    "ensemble_hr@5_std": 0.4330127018922193,
    "ensemble_precision@5_std": 0.10466547239233726,
    "ensemble_recall@5_std": 0.4330127018922193,
    "ensemble_ndcg@10_std": 0.3802648280546541,
    "ensemble_hr@10_std": 0.4330127018922193,
    "ensemble_precision@10_std": 0.05233273619616863,
    "ensemble_recall@10_std": 0.4330127018922193,
    "ensemble_ndcg@20_std": 0.3802648280546541,
    "ensemble_hr@20_std": 0.4330127018922193,
    "ensemble_precision@20_std": 0.026166368098084314,
    "ensemble_recall@20_std": 0.4330127018922193,
    "fold_rmses": [
      1.0683347947964705,
      0.9653080593527281,
      0.8543012788246267,
      0.8365442763914136,
      0.7821796446551085,
      0.7814297497555521,
      0.7571805415921026,
      0.7317737709222523,
      0.738221590652746,
      0.7350491342186107
    ],
    "experiment_name": "AEEMU_No_Filters",
    "n_folds": 10,
    "use_filters": false,
    "model_config": [
      "NCF",
      "SASRec",
      "LightGCN",
      "MF"
    ]
  },
  "results_with_filters": {
    "fold": 5.5,
    "NCF_rmse": 0.2204681707087955,
    "NCF_mae": 0.1439803720737934,
    "SASRec_rmse": 1.1302516928069712,
    "SASRec_mae": 0.9510532682514669,
    "LightGCN_rmse": 1.465692285649866,
    "LightGCN_mae": 1.1495993304696661,
    "MF_rmse": 1.1603694307830401,
    "MF_mae": 0.983656652851057,
    "ensemble_rmse": 0.9188197336435288,
    "ensemble_mae": 0.7806664879240037,
    "simple_ensemble_rmse": 0.7189535804233739,
    "simple_ensemble_mae": 0.6092225395470324,
    "ensemble_ndcg@5": 0.6665551219556964,
    "ensemble_hr@5": 0.75,
    "ensemble_precision@5": 0.17083333333333334,
    "ensemble_recall@5": 0.75,
    "ensemble_ndcg@10": 0.6665551219556964,
    "ensemble_hr@10": 0.75,
    "ensemble_precision@10": 0.08541666666666667,
    "ensemble_recall@10": 0.75,
    "ensemble_ndcg@20": 0.6665551219556964,
    "ensemble_hr@20": 0.75,
    "ensemble_precision@20": 0.042708333333333334,
    "ensemble_recall@20": 0.75,
    "NCF_rmse_std": 0.024045103927860082,
    "NCF_mae_std": 0.01720467262049072,
    "SASRec_rmse_std": 0.0079202618605727,
    "SASRec_mae_std": 0.008833188908670396,
    "LightGCN_rmse_std": 0.06956355832709846,
    "LightGCN_mae_std": 0.05993280367525905,
    "MF_rmse_std": 0.005908429904705998,
    "MF_mae_std": 0.007501532087198808,
    "ensemble_rmse_std": 0.02564201173467268,
    "ensemble_mae_std": 0.021058846445636176,
    "simple_ensemble_rmse_std": 0.02899150511389792,
    "simple_ensemble_mae_std": 0.025159442210565968,
    "ensemble_ndcg@5_std": 0.4035245037182488,
    "ensemble_hr@5_std": 0.4330127018922193,
    "ensemble_precision@5_std": 0.10466547239233726,
    "ensemble_recall@5_std": 0.4330127018922193,
    "ensemble_ndcg@10_std": 0.4035245037182488,
    "ensemble_hr@10_std": 0.4330127018922193,
    "ensemble_precision@10_std": 0.05233273619616863,
    "ensemble_recall@10_std": 0.4330127018922193,
    "ensemble_ndcg@20_std": 0.4035245037182488,
    "ensemble_hr@20_std": 0.4330127018922193,
    "ensemble_precision@20_std": 0.026166368098084314,
    "ensemble_recall@20_std": 0.4330127018922193,
    "fold_rmses": [
      0.8811292140493465,
      0.9036657118741824,
      0.891383779727767,
      0.9428022900571088,
      0.8921892727679,
      0.9361200192886225,
      0.9339373672157686,
      0.9673761964951225,
      0.9193783624597125,
      0.9202151224997561
    ],
    "experiment_name": "AEEMU_With_Filters",
    "n_folds": 10,
    "use_filters": true,
    "model_config": [
      "NCF",
      "SASRec",
      "LightGCN",
      "MF"
    ]
  },
  "improvements": {
    "ensemble_rmse": -0.0937874495273675,
    "ensemble_mae": -0.0876793863184453
  },
  "timestamp": "20260314_112112"
}