{
  "ablation_study": "Signal Processing Filters",
  "results_without_filters": {
    "fold": 3.0,
    "NCF_rmse": 0.710079717484897,
    "NCF_mae": 0.5228100932096005,
    "SASRec_rmse": 1.1349854349729993,
    "SASRec_mae": 0.9526407245474873,
    "LightGCN_rmse": 1.3905813076671296,
    "LightGCN_mae": 1.1212301100067725,
    "MF_rmse": 1.164784612861236,
    "MF_mae": 0.9881517578044159,
    "ensemble_rmse": 0.8925930599706963,
    "ensemble_mae": 0.748366829343748,
    "simple_ensemble_rmse": 0.9762353003579104,
    "simple_ensemble_mae": 0.8279426422097556,
    "ensemble_ndcg@5": 0.8291115594793027,
    "ensemble_hr@5": 1.0,
    "ensemble_precision@5": 0.3584003429428786,
    "ensemble_recall@5": 0.9933452363090772,
    "ensemble_ndcg@10": 0.832312470182633,
    "ensemble_hr@10": 1.0,
    "ensemble_precision@10": 0.18191044904083162,
    "ensemble_recall@10": 1.0,
    "ensemble_ndcg@20": 0.832312470182633,
    "ensemble_hr@20": 1.0,
    "ensemble_precision@20": 0.09095522452041581,
    "ensemble_recall@20": 1.0,
    "NCF_rmse_std": 0.2679767816726169,
    "NCF_mae_std": 0.22641341214024188,
    "SASRec_rmse_std": 0.007530319235891689,
    "SASRec_mae_std": 0.006801682044590354,
    "LightGCN_rmse_std": 0.20077808170764533,
    "LightGCN_mae_std": 0.1817795606247259,
    "MF_rmse_std": 0.0032937579209419885,
    "MF_mae_std": 0.004891663536759117,
    "ensemble_rmse_std": 0.11628391713487378,
    "ensemble_mae_std": 0.09770526917410724,
    "simple_ensemble_rmse_std": 0.10008716907814758,
    "simple_ensemble_mae_std": 0.08768794694983582,
    "ensemble_ndcg@5_std": 0.06468983966648299,
    "ensemble_hr@5_std": 0.0,
    "ensemble_precision@5_std": 0.010646674388374178,
    "ensemble_recall@5_std": 0.007921379529163929,
    "ensemble_ndcg@10_std": 0.061502900750525565,
    "ensemble_hr@10_std": 0.0,
    "ensemble_precision@10_std": 0.006264434324421177,
    "ensemble_recall@10_std": 0.0,
    "ensemble_ndcg@20_std": 0.061502900750525565,
    "ensemble_hr@20_std": 0.0,
    "ensemble_precision@20_std": 0.0031322171622105884,
    "ensemble_recall@20_std": 0.0,
    "fold_rmses": [
      1.0872188510326464,
      0.9568282591388882,
      0.8490871461029937,
      0.8010821318776162,
      0.7687489117013372
    ],
    "experiment_name": "AEEMU_No_Filters",
    "n_folds": 5,
    "use_filters": false,
    "model_config": [
      "NCF",
      "SASRec",
      "LightGCN",
      "MF"
    ]
  },
  "results_with_filters": {
    "fold": 3.0,
    "NCF_rmse": 0.3264915467832605,
    "NCF_mae": 0.21897070117254253,
    "SASRec_rmse": 1.1337929197423777,
    "SASRec_mae": 0.9520956181505202,
    "LightGCN_rmse": 1.46982217193916,
    "LightGCN_mae": 1.1629121845320056,
    "MF_rmse": 1.164784612861236,
    "MF_mae": 0.9881517578044159,
    "ensemble_rmse": 0.9202781348333543,
    "ensemble_mae": 0.7810504470315933,
    "simple_ensemble_rmse": 0.8098669577379389,
    "simple_ensemble_mae": 0.686982665196185,
    "ensemble_ndcg@5": 0.8953202363105983,
    "ensemble_hr@5": 1.0,
    "ensemble_precision@5": 0.3600003429428786,
    "ensemble_recall@5": 0.9949452363090773,
    "ensemble_ndcg@10": 0.8975546565923329,
    "ensemble_hr@10": 1.0,
    "ensemble_precision@10": 0.18191044904083162,
    "ensemble_recall@10": 1.0,
    "ensemble_ndcg@20": 0.8975546565923329,
    "ensemble_hr@20": 1.0,
    "ensemble_precision@20": 0.09095522452041581,
    "ensemble_recall@20": 1.0,
    "NCF_rmse_std": 0.04054070413835576,
    "NCF_mae_std": 0.027416976793439258,
    "SASRec_rmse_std": 0.005968253753203334,
    "SASRec_mae_std": 0.006321046995907962,
    "LightGCN_rmse_std": 0.10144469371408106,
    "LightGCN_mae_std": 0.09293946561756519,
    "MF_rmse_std": 0.0032937579209419885,
    "MF_mae_std": 0.004891663536759117,
    "ensemble_rmse_std": 0.02536329934934694,
    "ensemble_mae_std": 0.021342724975980852,
    "simple_ensemble_rmse_std": 0.029564506898311766,
    "simple_ensemble_mae_std": 0.02643901677136318,
    "ensemble_ndcg@5_std": 0.02758511369897695,
    "ensemble_hr@5_std": 0.0,
    "ensemble_precision@5_std": 0.012422180892051571,
    "ensemble_recall@5_std": 0.005100669641267024,
    "ensemble_ndcg@10_std": 0.029076051653750937,
    "ensemble_hr@10_std": 0.0,
    "ensemble_precision@10_std": 0.006264434324421177,
    "ensemble_recall@10_std": 0.0,
    "ensemble_ndcg@20_std": 0.029076051653750937,
    "ensemble_hr@20_std": 0.0,
    "ensemble_precision@20_std": 0.0031322171622105884,
    "ensemble_recall@20_std": 0.0,
    "fold_rmses": [
      0.8756252759667272,
      0.9511319055590857,
      0.9284882616386706,
      0.9327583619850073,
      0.9133868690172816
    ],
    "experiment_name": "AEEMU_With_Filters",
    "n_folds": 5,
    "use_filters": true,
    "model_config": [
      "NCF",
      "SASRec",
      "LightGCN",
      "MF"
    ]
  },
  "improvements": {
    "ensemble_rmse": -0.027685074862658032,
    "ensemble_mae": -0.032683617687845334
  },
  "timestamp": "20260314_133236"
}