{
  "error_correlation_matrix": [
    [
      0.9999999999999999,
      0.14886882607987387,
      0.11151651126141802,
      0.21847687167554114
    ],
    [
      0.14886882607987387,
      1.0,
      0.3674238678647708,
      0.5317376757607999
    ],
    [
      0.11151651126141802,
      0.3674238678647708,
      1.0,
      0.5223661317987173
    ],
    [
      0.21847687167554114,
      0.5317376757607999,
      0.5223661317987173,
      1.0
    ]
  ],
  "model_names": [
    "NCF",
    "SASRec",
    "LightGCN",
    "MF"
  ],
  "autocorrelations_lag1": {
    "NCF": 0.00010705591332430983,
    "SASRec": -0.004592840707402081,
    "LightGCN": 0.005679853531962619,
    "MF": 0.007624513579209858
  },
  "individual_mse": {
    "NCF": 0.0038010596441582847,
    "SASRec": 0.565118733800122,
    "LightGCN": 0.31339585860880753,
    "MF": 0.40270171757063467
  },
  "ensemble_mse": 0.15734612233572706,
  "mse_reduction_vs_avg_individual": 0.5102132436332717,
  "high_frequency_energy_fraction": {
    "NCF": 0.5037146006054609,
    "SASRec": 0.49814358739747805,
    "LightGCN": 0.49640043514787935,
    "MF": 0.4666497393219548
  },
  "interpretation": {
    "correlated_errors": true,
    "temporal_structure": false,
    "high_freq_noise": true
  }
}