{
  "error_correlation_matrix": [
    [
      1.0,
      0.14181015177480086,
      0.16146560650368813,
      0.19588243065073901
    ],
    [
      0.14181015177480086,
      0.9999999999999999,
      0.4170017914118783,
      0.51047027292279
    ],
    [
      0.16146560650368813,
      0.4170017914118783,
      1.0,
      0.5969455834004079
    ],
    [
      0.19588243065073901,
      0.51047027292279,
      0.5969455834004079,
      1.0
    ]
  ],
  "model_names": [
    "NCF",
    "SASRec",
    "LightGCN",
    "MF"
  ],
  "autocorrelations_lag1": {
    "NCF": 0.0017111420007543455,
    "SASRec": -0.010937044959717156,
    "LightGCN": 0.004251834135100933,
    "MF": -0.002089490969095944
  },
  "individual_mse": {
    "NCF": 0.0018745019707782065,
    "SASRec": 0.6595632281134075,
    "LightGCN": 0.45073367543982423,
    "MF": 0.42644755278994234
  },
  "ensemble_mse": 0.19300835469816696,
  "mse_reduction_vs_avg_individual": 0.49822962038718366,
  "high_frequency_energy_fraction": {
    "NCF": 0.48463243331661604,
    "SASRec": 0.5064561839716576,
    "LightGCN": 0.5022498421449191,
    "MF": 0.5080624772387518
  },
  "interpretation": {
    "correlated_errors": true,
    "temporal_structure": false,
    "high_freq_noise": true
  }
}