{
  "error_correlation_matrix": [
    [
      0.9999999999999999,
      0.2887045606505595,
      0.30678823148458984,
      0.4225697729380402
    ],
    [
      0.2887045606505595,
      0.9999999999999999,
      0.3780150281860016,
      0.5174289132272434
    ],
    [
      0.30678823148458984,
      0.3780150281860016,
      1.0,
      0.5509390418430915
    ],
    [
      0.4225697729380402,
      0.5174289132272434,
      0.5509390418430915,
      1.0
    ]
  ],
  "model_names": [
    "NCF",
    "SASRec",
    "LightGCN",
    "MF"
  ],
  "autocorrelations_lag1": {
    "NCF": -0.0034420597406538828,
    "SASRec": 0.005148815182419948,
    "LightGCN": 0.009168792801048497,
    "MF": 0.007624513579209858
  },
  "individual_mse": {
    "NCF": 0.004922074208212411,
    "SASRec": 0.548624499723853,
    "LightGCN": 0.2964909955874711,
    "MF": 0.40270171757063467
  },
  "ensemble_mse": 0.1569561469304051,
  "mse_reduction_vs_avg_individual": 0.4988385898075295,
  "high_frequency_energy_fraction": {
    "NCF": 0.4913839877620467,
    "SASRec": 0.48089557611347905,
    "LightGCN": 0.4986676997890934,
    "MF": 0.4666497393219548
  },
  "interpretation": {
    "correlated_errors": true,
    "temporal_structure": false,
    "high_freq_noise": true
  }
}