{
  "MBRCC": {
    "rmse": 1.1561648237370303,
    "rmse_std": 0.007316082954338414,
    "mae": 0.9057966565259455,
    "ndcg@10": 0.7660028271706752,
    "hr@10": 1.0,
    "fold_rmses": [
      1.1455923943875772,
      1.1623896904348907,
      1.1615782853624077,
      1.1490278419918163,
      1.1622359065084595
    ]
  },
  "DualChannelGCN": {
    "rmse": 1.1571908546598524,
    "rmse_std": 0.005090947581802486,
    "mae": 0.9059687194656373,
    "ndcg@10": 0.7651268138304623,
    "hr@10": 1.0,
    "fold_rmses": [
      1.1510381653577848,
      1.165851091965296,
      1.1589563859601144,
      1.1565521027815728,
      1.1535565272344932
    ]
  },
  "LightGCN": {
    "rmse": 1.793328045691912,
    "rmse_std": 0.031091576197856127,
    "mae": 1.4767613409201406,
    "ndcg@10": 0.6611844369105336,
    "hr@10": 1.0,
    "fold_rmses": [
      1.8314595837417582,
      1.7465219619592962,
      1.793786267743741,
      1.8214637222503915,
      1.7734086927643744
    ]
  },
  "BayesianNCF": {
    "rmse": 1.152345968105132,
    "rmse_std": 0.009555260669894908,
    "mae": 0.9033962119650363,
    "ndcg@10": 0.754496630986263,
    "hr@10": 1.0,
    "fold_rmses": [
      1.1487516773852655,
      1.1541376828488306,
      1.169587829755143,
      1.148084525712741,
      1.1411681248236796
    ]
  },
  "SASRec": {
    "rmse": 1.1410109276524216,
    "rmse_std": 0.007990243658263667,
    "mae": 0.9567588090213632,
    "ndcg@10": 0.7537952237496366,
    "hr@10": 1.0,
    "fold_rmses": [
      1.1377577228440976,
      1.149789801435618,
      1.1512650082606601,
      1.1321408527300745,
      1.134101252991657
    ]
  },
  "MF": {
    "rmse": 1.164784612861236,
    "rmse_std": 0.0032937579209419885,
    "mae": 0.9881517578044159,
    "ndcg@10": 0.7028528796917084,
    "hr@10": 1.0,
    "fold_rmses": [
      1.166470953929225,
      1.164709406684534,
      1.1700451147294206,
      1.161111910269276,
      1.161585678693724
    ]
  }
}