{
  "MBRCC": {
    "rmse": 0.8035598350283962,
    "rmse_std": 0.009849030349682066,
    "mae": 0.6095788471424579,
    "ndcg@10": 0.8782949417127712,
    "hr@10": 0.9997863247863247,
    "fold_rmses": [
      0.7974629786418018,
      0.794012549195665,
      0.8155042553291156,
      0.8201196465908843,
      0.8175704621692323,
      0.8007874041812559,
      0.8025622132801211,
      0.7985503627204065,
      0.7984572968435639,
      0.7905711813319165
    ]
  },
  "DualChannelGCN": {
    "rmse": 0.8014815908297196,
    "rmse_std": 0.007913948295443158,
    "mae": 0.607137554870844,
    "ndcg@10": 0.8786708669938224,
    "hr@10": 0.9995610995610995,
    "fold_rmses": [
      0.7976792333395417,
      0.7964523245832361,
      0.8106518516641091,
      0.8122819136789897,
      0.8136299288190972,
      0.7915137505504559,
      0.804780777831193,
      0.800080997538606,
      0.7961345202143668,
      0.7916106100776007
    ]
  },
  "LightGCN": {
    "rmse": 0.8894312337230827,
    "rmse_std": 0.00789494975997206,
    "mae": 0.7119732159037981,
    "ndcg@10": 0.8524688146630035,
    "hr@10": 0.9997863247863247,
    "fold_rmses": [
      0.891178719464231,
      0.8853436148077365,
      0.8931788892941006,
      0.8937867083981641,
      0.9040227865513085,
      0.8797264751548569,
      0.8938671591744588,
      0.8883434565270879,
      0.8909351251360772,
      0.8739294027228063
    ]
  },
  "BayesianNCF": {
    "rmse": 0.8119766183957922,
    "rmse_std": 0.007650483492585276,
    "mae": 0.6129953381478785,
    "ndcg@10": 0.8701110851632731,
    "hr@10": 0.9995367366744772,
    "fold_rmses": [
      0.8063226184765523,
      0.8118039418859262,
      0.8165041494569213,
      0.8251698196861302,
      0.8206941754987274,
      0.7989282536855893,
      0.8177389843610076,
      0.8111227227241122,
      0.8051159225818657,
      0.8063655956010881
    ]
  },
  "SASRec": {
    "rmse": 0.8621005374900786,
    "rmse_std": 0.01997572210876074,
    "mae": 0.6592891925418531,
    "ndcg@10": 0.8701887618688889,
    "hr@10": 0.9995610995610995,
    "fold_rmses": [
      0.861145908337652,
      0.8263573186420402,
      0.8662068319593812,
      0.8689365628240556,
      0.9022466928153718,
      0.845335990563602,
      0.8686139782747866,
      0.8703766935881229,
      0.8727369089351792,
      0.8390484889605955
    ]
  },
  "MF": {
    "rmse": 0.8561326709660536,
    "rmse_std": 0.007687414848731787,
    "mae": 0.6694411479449192,
    "ndcg@10": 0.8637642850282837,
    "hr@10": 0.9993359596502224,
    "fold_rmses": [
      0.8562142656502045,
      0.849380991379522,
      0.860163371593316,
      0.856178934265752,
      0.872988391371399,
      0.8500161294590265,
      0.8607403109907765,
      0.8557161194924908,
      0.8573832993071843,
      0.8425448961508648
    ]
  }
}