{
  "kalman_only": {
    "rmse": 0.8879174673413465,
    "ci_lower": 0.873352794462232,
    "ci_upper": 0.9037878177088015,
    "improvement_%": 1.5982660032196936,
    "t_test_pvalue": 0.8010214371078237,
    "wilcoxon_pvalue": 0.8125,
    "n_folds": 5,
    "t_test_pvalue_corrected": 1.0,
    "wilcoxon_pvalue_corrected": 1.0,
    "significance": "n.s."
  },
  "wavelet_only": {
    "rmse": 0.862433035607833,
    "ci_lower": 0.8457468886044245,
    "ci_upper": 0.884812432610296,
    "improvement_%": 4.422528803239873,
    "t_test_pvalue": 0.45834589386075775,
    "wilcoxon_pvalue": 0.8125,
    "n_folds": 5,
    "t_test_pvalue_corrected": 1.0,
    "wilcoxon_pvalue_corrected": 1.0,
    "significance": "n.s."
  },
  "spectral_only": {
    "rmse": 0.8539232547246101,
    "ci_lower": 0.8239382451624337,
    "ci_upper": 0.8841125147278286,
    "improvement_%": 5.3656087916864506,
    "t_test_pvalue": 0.31866398408482266,
    "wilcoxon_pvalue": 0.4375,
    "n_folds": 5,
    "t_test_pvalue_corrected": 1.0,
    "wilcoxon_pvalue_corrected": 1.0,
    "significance": "n.s."
  },
  "adaptive_only": {
    "rmse": 0.8342355503801814,
    "ci_lower": 0.8280092628237827,
    "ci_upper": 0.8457347642321407,
    "improvement_%": 7.547460503319645,
    "t_test_pvalue": 0.28139304042370705,
    "wilcoxon_pvalue": 0.4375,
    "n_folds": 5,
    "t_test_pvalue_corrected": 1.0,
    "wilcoxon_pvalue_corrected": 1.0,
    "significance": "n.s."
  },
  "ema_only": {
    "rmse": 0.8437952198532879,
    "ci_lower": 0.8229102505548733,
    "ci_upper": 0.8645530320360244,
    "improvement_%": 6.488028644853758,
    "t_test_pvalue": 0.42797524012293825,
    "wilcoxon_pvalue": 0.625,
    "n_folds": 5,
    "t_test_pvalue_corrected": 1.0,
    "wilcoxon_pvalue_corrected": 1.0,
    "significance": "n.s."
  },
  "median_only": {
    "rmse": 0.8372465675803544,
    "ci_lower": 0.8236210801149575,
    "ci_upper": 0.8508720550457515,
    "improvement_%": 7.213770352501545,
    "t_test_pvalue": 0.3065832516860087,
    "wilcoxon_pvalue": 0.625,
    "n_folds": 5,
    "t_test_pvalue_corrected": 1.0,
    "wilcoxon_pvalue_corrected": 1.0,
    "significance": "n.s."
  },
  "bilateral_only": {
    "rmse": 0.8587259476940586,
    "ci_lower": 0.8331400153878645,
    "ci_upper": 0.8833319657383341,
    "improvement_%": 4.833359643054482,
    "t_test_pvalue": 0.5557260682163496,
    "wilcoxon_pvalue": 0.8125,
    "n_folds": 5,
    "t_test_pvalue_corrected": 1.0,
    "wilcoxon_pvalue_corrected": 1.0,
    "significance": "n.s."
  },
  "savgol_only": {
    "rmse": 0.8486726745656539,
    "ci_lower": 0.8298133153662294,
    "ci_upper": 0.8654858196726709,
    "improvement_%": 5.947494170828063,
    "t_test_pvalue": 0.4007747675607256,
    "wilcoxon_pvalue": 0.3125,
    "n_folds": 5,
    "t_test_pvalue_corrected": 1.0,
    "wilcoxon_pvalue_corrected": 1.0,
    "significance": "n.s."
  },
  "particle_only": {
    "rmse": 0.8472019955957432,
    "ci_lower": 0.8186577106672942,
    "ci_upper": 0.8771825001210022,
    "improvement_%": 6.110479319915323,
    "t_test_pvalue": 0.41492469367064916,
    "wilcoxon_pvalue": 0.625,
    "n_folds": 5,
    "t_test_pvalue_corrected": 1.0,
    "wilcoxon_pvalue_corrected": 1.0,
    "significance": "n.s."
  },
  "confidence_only": {
    "rmse": 0.833068662242028,
    "ci_lower": 0.8024487230913653,
    "ci_upper": 0.8717228809244435,
    "improvement_%": 7.676778621723574,
    "t_test_pvalue": 0.17776920805056168,
    "wilcoxon_pvalue": 0.3125,
    "n_folds": 5,
    "t_test_pvalue_corrected": 1.0,
    "wilcoxon_pvalue_corrected": 1.0,
    "significance": "n.s."
  },
  "consensus_only": {
    "rmse": 0.8290201821656016,
    "ci_lower": 0.8151190975988934,
    "ci_upper": 0.8454526909801092,
    "improvement_%": 8.125443586908483,
    "t_test_pvalue": 0.318613816142469,
    "wilcoxon_pvalue": 0.4375,
    "n_folds": 5,
    "t_test_pvalue_corrected": 1.0,
    "wilcoxon_pvalue_corrected": 1.0,
    "significance": "n.s."
  },
  "stacking_only": {
    "rmse": 0.8315249726906476,
    "ci_lower": 0.8032941017868872,
    "ci_upper": 0.8597558435944082,
    "improvement_%": 7.847855027127981,
    "t_test_pvalue": 0.3001557909894362,
    "wilcoxon_pvalue": 0.4375,
    "n_folds": 5,
    "t_test_pvalue_corrected": 1.0,
    "wilcoxon_pvalue_corrected": 1.0,
    "significance": "n.s."
  },
  "kalman_adaptive": {
    "rmse": 0.867039762960629,
    "ci_lower": 0.8398976000769973,
    "ci_upper": 0.896673654435324,
    "improvement_%": 3.9119971646148888,
    "t_test_pvalue": 0.5505820964778904,
    "wilcoxon_pvalue": 0.8125,
    "n_folds": 5,
    "t_test_pvalue_corrected": 1.0,
    "wilcoxon_pvalue_corrected": 1.0,
    "significance": "n.s."
  },
  "kalman_ema": {
    "rmse": 0.8477428243815858,
    "ci_lower": 0.7972683224592206,
    "ci_upper": 0.8993166080361894,
    "improvement_%": 6.050543016959559,
    "t_test_pvalue": 0.4633821190355569,
    "wilcoxon_pvalue": 1.0,
    "n_folds": 5,
    "t_test_pvalue_corrected": 1.0,
    "wilcoxon_pvalue_corrected": 1.0,
    "significance": "n.s."
  },
  "adaptive_ema": {
    "rmse": 0.8481428667572688,
    "ci_lower": 0.8381636783272034,
    "ci_upper": 0.8560656963931083,
    "improvement_%": 6.006209095297594,
    "t_test_pvalue": 0.42157480973793793,
    "wilcoxon_pvalue": 0.625,
    "n_folds": 5,
    "t_test_pvalue_corrected": 1.0,
    "wilcoxon_pvalue_corrected": 1.0,
    "significance": "n.s."
  },
  "kalman_consensus": {
    "rmse": 0.8253337280941014,
    "ci_lower": 0.8011633744795604,
    "ci_upper": 0.8493806237848934,
    "improvement_%": 8.533987721107444,
    "t_test_pvalue": 0.24494558140051179,
    "wilcoxon_pvalue": 0.4375,
    "n_folds": 5,
    "t_test_pvalue_corrected": 1.0,
    "wilcoxon_pvalue_corrected": 1.0,
    "significance": "n.s."
  },
  "stacking_adaptive": {
    "rmse": 0.8443555511565564,
    "ci_lower": 0.8232702249866662,
    "ci_upper": 0.8652069762651969,
    "improvement_%": 6.425931013168021,
    "t_test_pvalue": 0.329633405887179,
    "wilcoxon_pvalue": 0.625,
    "n_folds": 5,
    "t_test_pvalue_corrected": 1.0,
    "wilcoxon_pvalue_corrected": 1.0,
    "significance": "n.s."
  },
  "median_savgol": {
    "rmse": 0.8483910110481675,
    "ci_lower": 0.8186186993447564,
    "ci_upper": 0.8778295614081901,
    "improvement_%": 5.978708984753597,
    "t_test_pvalue": 0.4000532194475925,
    "wilcoxon_pvalue": 0.625,
    "n_folds": 5,
    "t_test_pvalue_corrected": 1.0,
    "wilcoxon_pvalue_corrected": 1.0,
    "significance": "n.s."
  },
  "spectral_bilateral": {
    "rmse": 0.8479441587147809,
    "ci_lower": 0.8126652457201949,
    "ci_upper": 0.8832230717093671,
    "improvement_%": 6.028230529337474,
    "t_test_pvalue": 0.2746286240060506,
    "wilcoxon_pvalue": 0.3125,
    "n_folds": 5,
    "t_test_pvalue_corrected": 1.0,
    "wilcoxon_pvalue_corrected": 1.0,
    "significance": "n.s."
  },
  "best_three": {
    "rmse": 0.8340863931646341,
    "ci_lower": 0.7964745169077165,
    "ci_upper": 0.863552897037182,
    "improvement_%": 7.563990562911709,
    "t_test_pvalue": 0.257780080800985,
    "wilcoxon_pvalue": 0.3125,
    "n_folds": 5,
    "t_test_pvalue_corrected": 1.0,
    "wilcoxon_pvalue_corrected": 1.0,
    "significance": "n.s."
  },
  "all_filters": {
    "rmse": 0.8907133526920982,
    "ci_lower": 0.8397434474971501,
    "ci_upper": 0.9300147054980508,
    "improvement_%": 1.2884174230425922,
    "t_test_pvalue": 0.8848222750340106,
    "wilcoxon_pvalue": 0.8125,
    "n_folds": 5,
    "t_test_pvalue_corrected": 1.0,
    "wilcoxon_pvalue_corrected": 1.0,
    "significance": "n.s."
  }
}