{
  "kalman_only": {
    "rmse": 0.4550252873780029,
    "ci_lower": 0.4428652806974972,
    "ci_upper": 0.46912716388841547,
    "improvement_%": 12.703900294574504,
    "t_test_pvalue": 0.10507796170375006,
    "wilcoxon_pvalue": 0.232421875,
    "n_folds": 10,
    "t_test_pvalue_corrected": 0.10507796170375006,
    "wilcoxon_pvalue_corrected": 0.232421875,
    "significance": "n.s."
  },
  "wavelet_only": {
    "rmse": 0.4166680151708831,
    "ci_lower": 0.404744902882562,
    "ci_upper": 0.4285238160548089,
    "improvement_%": 20.06270067755021,
    "t_test_pvalue": 0.023611657544589937,
    "wilcoxon_pvalue": 0.013671875,
    "n_folds": 10,
    "t_test_pvalue_corrected": 0.047223315089179874,
    "wilcoxon_pvalue_corrected": 0.041015625,
    "significance": "*"
  },
  "spectral_only": {
    "rmse": 0.3923560450445812,
    "ci_lower": 0.38415595608950065,
    "ci_upper": 0.40044182527725586,
    "improvement_%": 24.72692534165747,
    "t_test_pvalue": 0.010319868140708904,
    "wilcoxon_pvalue": 0.001953125,
    "n_folds": 10,
    "t_test_pvalue_corrected": 0.03786319520267713,
    "wilcoxon_pvalue_corrected": 0.041015625,
    "significance": "*"
  },
  "adaptive_only": {
    "rmse": 0.3773412741975871,
    "ci_lower": 0.3696665384179762,
    "ci_upper": 0.3859558838414708,
    "improvement_%": 27.60749257445051,
    "t_test_pvalue": 0.007806567719086192,
    "wilcoxon_pvalue": 0.001953125,
    "n_folds": 10,
    "t_test_pvalue_corrected": 0.03786319520267713,
    "wilcoxon_pvalue_corrected": 0.041015625,
    "significance": "*"
  },
  "ema_only": {
    "rmse": 0.36783911191298346,
    "ci_lower": 0.35858716292706166,
    "ci_upper": 0.37602643241163414,
    "improvement_%": 29.430471932353324,
    "t_test_pvalue": 0.007572639040535426,
    "wilcoxon_pvalue": 0.001953125,
    "n_folds": 10,
    "t_test_pvalue_corrected": 0.03786319520267713,
    "wilcoxon_pvalue_corrected": 0.041015625,
    "significance": "*"
  },
  "median_only": {
    "rmse": 0.3665734339411003,
    "ci_lower": 0.35887224792490685,
    "ci_upper": 0.37443185234771753,
    "improvement_%": 29.67329085581391,
    "t_test_pvalue": 0.0056740781233386205,
    "wilcoxon_pvalue": 0.001953125,
    "n_folds": 10,
    "t_test_pvalue_corrected": 0.03763682179116043,
    "wilcoxon_pvalue_corrected": 0.041015625,
    "significance": "*"
  },
  "bilateral_only": {
    "rmse": 0.3607268890648378,
    "ci_lower": 0.35314807405868326,
    "ci_upper": 0.3680658764520689,
    "improvement_%": 30.794944044346416,
    "t_test_pvalue": 0.004052183312770236,
    "wilcoxon_pvalue": 0.001953125,
    "n_folds": 10,
    "t_test_pvalue_corrected": 0.033872146089145634,
    "wilcoxon_pvalue_corrected": 0.041015625,
    "significance": "*"
  },
  "savgol_only": {
    "rmse": 0.355315922873568,
    "ci_lower": 0.3501514801332841,
    "ci_upper": 0.3612971422021264,
    "improvement_%": 31.833031942400698,
    "t_test_pvalue": 0.0036524649938965087,
    "wilcoxon_pvalue": 0.001953125,
    "n_folds": 10,
    "t_test_pvalue_corrected": 0.033872146089145634,
    "wilcoxon_pvalue_corrected": 0.041015625,
    "significance": "*"
  },
  "particle_only": {
    "rmse": 0.35884239270728513,
    "ci_lower": 0.34970407463947584,
    "ci_upper": 0.3678677901842233,
    "improvement_%": 31.156482592833214,
    "t_test_pvalue": 0.005376688827308632,
    "wilcoxon_pvalue": 0.001953125,
    "n_folds": 10,
    "t_test_pvalue_corrected": 0.03763682179116043,
    "wilcoxon_pvalue_corrected": 0.041015625,
    "significance": "*"
  },
  "confidence_only": {
    "rmse": 0.3412214376700783,
    "ci_lower": 0.3328071863429619,
    "ci_upper": 0.3513847434590243,
    "improvement_%": 34.53704338912796,
    "t_test_pvalue": 0.002519499139612439,
    "wilcoxon_pvalue": 0.001953125,
    "n_folds": 10,
    "t_test_pvalue_corrected": 0.033872146089145634,
    "wilcoxon_pvalue_corrected": 0.041015625,
    "significance": "*"
  },
  "consensus_only": {
    "rmse": 0.3427569629474894,
    "ci_lower": 0.3356415894403269,
    "ci_upper": 0.3501343668108271,
    "improvement_%": 34.24245455761599,
    "t_test_pvalue": 0.0018603681178904845,
    "wilcoxon_pvalue": 0.001953125,
    "n_folds": 10,
    "t_test_pvalue_corrected": 0.03348662612202872,
    "wilcoxon_pvalue_corrected": 0.041015625,
    "significance": "*"
  },
  "stacking_only": {
    "rmse": 0.34342322598481556,
    "ci_lower": 0.3357025234354526,
    "ci_upper": 0.3510618947091332,
    "improvement_%": 34.11463272847852,
    "t_test_pvalue": 0.0026882466662857276,
    "wilcoxon_pvalue": 0.001953125,
    "n_folds": 10,
    "t_test_pvalue_corrected": 0.033872146089145634,
    "wilcoxon_pvalue_corrected": 0.041015625,
    "significance": "*"
  },
  "kalman_adaptive": {
    "rmse": 0.33964229703212057,
    "ci_lower": 0.3318085821804827,
    "ci_upper": 0.3480563809148286,
    "improvement_%": 34.839999779473644,
    "t_test_pvalue": 0.002950136764840798,
    "wilcoxon_pvalue": 0.001953125,
    "n_folds": 10,
    "t_test_pvalue_corrected": 0.033872146089145634,
    "wilcoxon_pvalue_corrected": 0.041015625,
    "significance": "*"
  },
  "kalman_ema": {
    "rmse": 0.33141483638814695,
    "ci_lower": 0.324774034477849,
    "ci_upper": 0.337509106683812,
    "improvement_%": 36.41842903301562,
    "t_test_pvalue": 0.002092908309388765,
    "wilcoxon_pvalue": 0.001953125,
    "n_folds": 10,
    "t_test_pvalue_corrected": 0.03348662612202872,
    "wilcoxon_pvalue_corrected": 0.041015625,
    "significance": "*"
  },
  "adaptive_ema": {
    "rmse": 0.3367148745610818,
    "ci_lower": 0.3237316724626797,
    "ci_upper": 0.3526503872788813,
    "improvement_%": 35.40162255297768,
    "t_test_pvalue": 0.0015604725885524,
    "wilcoxon_pvalue": 0.001953125,
    "n_folds": 10,
    "t_test_pvalue_corrected": 0.031209451771048,
    "wilcoxon_pvalue_corrected": 0.041015625,
    "significance": "*"
  },
  "kalman_consensus": {
    "rmse": 0.3385700651942824,
    "ci_lower": 0.3268885135742768,
    "ci_upper": 0.34985247945121856,
    "improvement_%": 35.04570627539745,
    "t_test_pvalue": 0.0021771393697287205,
    "wilcoxon_pvalue": 0.001953125,
    "n_folds": 10,
    "t_test_pvalue_corrected": 0.03348662612202872,
    "wilcoxon_pvalue_corrected": 0.041015625,
    "significance": "*"
  },
  "stacking_adaptive": {
    "rmse": 0.333345969401785,
    "ci_lower": 0.3237586774647245,
    "ci_upper": 0.3437252612913615,
    "improvement_%": 36.04794329347706,
    "t_test_pvalue": 0.00287561308717034,
    "wilcoxon_pvalue": 0.001953125,
    "n_folds": 10,
    "t_test_pvalue_corrected": 0.033872146089145634,
    "wilcoxon_pvalue_corrected": 0.041015625,
    "significance": "*"
  },
  "median_savgol": {
    "rmse": 0.3327665984220509,
    "ci_lower": 0.323097883077874,
    "ci_upper": 0.34106623442094897,
    "improvement_%": 36.15909497716641,
    "t_test_pvalue": 0.001591780609802617,
    "wilcoxon_pvalue": 0.001953125,
    "n_folds": 10,
    "t_test_pvalue_corrected": 0.031209451771048,
    "wilcoxon_pvalue_corrected": 0.041015625,
    "significance": "*"
  },
  "spectral_bilateral": {
    "rmse": 0.3319150320905327,
    "ci_lower": 0.3233311081674647,
    "ci_upper": 0.3404973887137922,
    "improvement_%": 36.3224670389926,
    "t_test_pvalue": 0.002419439006367545,
    "wilcoxon_pvalue": 0.001953125,
    "n_folds": 10,
    "t_test_pvalue_corrected": 0.033872146089145634,
    "wilcoxon_pvalue_corrected": 0.041015625,
    "significance": "*"
  },
  "best_three": {
    "rmse": 0.3313212625918255,
    "ci_lower": 0.32478418120814,
    "ci_upper": 0.3383430412759328,
    "improvement_%": 36.43638106267218,
    "t_test_pvalue": 0.001896783483490846,
    "wilcoxon_pvalue": 0.001953125,
    "n_folds": 10,
    "t_test_pvalue_corrected": 0.03348662612202872,
    "wilcoxon_pvalue_corrected": 0.041015625,
    "significance": "*"
  },
  "all_filters": {
    "rmse": 0.32524985032496484,
    "ci_lower": 0.3190380477765855,
    "ci_upper": 0.33281817429517685,
    "improvement_%": 37.60117481216838,