{
  "kalman_only": {
    "rmse": 0.791013873535419,
    "ci_lower": 0.7843256262037804,
    "ci_upper": 0.797837976418751,
    "improvement_%": 2.84516733579098,
    "t_test_pvalue": 0.00047204993916535713,
    "wilcoxon_pvalue": 0.001953125,
    "n_folds": 10,
    "t_test_pvalue_corrected": 0.00047204993916535713,
    "wilcoxon_pvalue_corrected": 0.041015625,
    "significance": "***"
  },
  "wavelet_only": {
    "rmse": 0.7615827754802006,
    "ci_lower": 0.7563019165925481,
    "ci_upper": 0.7671188071855495,
    "improvement_%": 6.459988140259002,
    "t_test_pvalue": 2.8767721294930275e-06,
    "wilcoxon_pvalue": 0.001953125,
    "n_folds": 10,
    "t_test_pvalue_corrected": 5.753544258986055e-06,
    "wilcoxon_pvalue_corrected": 0.041015625,
    "significance": "***"
  },
  "spectral_only": {
    "rmse": 0.7411598801589119,
    "ci_lower": 0.737832234622918,
    "ci_upper": 0.7444801277622646,
    "improvement_%": 8.968392915247588,
    "t_test_pvalue": 1.195695381771052e-06,
    "wilcoxon_pvalue": 0.001953125,
    "n_folds": 10,
    "t_test_pvalue_corrected": 3.5870861453131565e-06,
    "wilcoxon_pvalue_corrected": 0.041015625,
    "significance": "***"
  },
  "adaptive_only": {
    "rmse": 0.7307594928584213,
    "ci_lower": 0.7274879734589142,
    "ci_upper": 0.7337623046482972,
    "improvement_%": 10.245801468533697,
    "t_test_pvalue": 4.85579351687383e-07,
    "wilcoxon_pvalue": 0.001953125,
    "n_folds": 10,
    "t_test_pvalue_corrected": 1.942317406749532e-06,
    "wilcoxon_pvalue_corrected": 0.041015625,
    "significance": "***"
  },
  "ema_only": {
    "rmse": 0.7203358492272054,
    "ci_lower": 0.7171303943545319,
    "ci_upper": 0.7237372890024862,
    "improvement_%": 11.52606643811743,
    "t_test_pvalue": 1.5777740438833163e-07,
    "wilcoxon_pvalue": 0.001953125,
    "n_folds": 10,
    "t_test_pvalue_corrected": 8.242930219542956e-07,
    "wilcoxon_pvalue_corrected": 0.041015625,
    "significance": "***"
  },
  "median_only": {
    "rmse": 0.712817852818894,
    "ci_lower": 0.7098782114102311,
    "ci_upper": 0.7156551135493341,
    "improvement_%": 12.449450600464761,
    "t_test_pvalue": 1.2749304117299407e-07,
    "wilcoxon_pvalue": 0.001953125,
    "n_folds": 10,
    "t_test_pvalue_corrected": 8.242930219542956e-07,
    "wilcoxon_pvalue_corrected": 0.041015625,
    "significance": "***"
  },
  "bilateral_only": {
    "rmse": 0.7078501404064366,
    "ci_lower": 0.7060011434890897,
    "ci_upper": 0.7096854455047492,
    "improvement_%": 13.059600794163737,
    "t_test_pvalue": 1.0303662774428695e-07,
    "wilcoxon_pvalue": 0.001953125,
    "n_folds": 10,
    "t_test_pvalue_corrected": 8.242930219542956e-07,
    "wilcoxon_pvalue_corrected": 0.041015625,
    "significance": "***"
  },
  "savgol_only": {
    "rmse": 0.7036011832646194,
    "ci_lower": 0.7016574059759104,
    "ci_upper": 0.7055676388323183,
    "improvement_%": 13.581471185975719,
    "t_test_pvalue": 1.0827453977545006e-07,
    "wilcoxon_pvalue": 0.001953125,
    "n_folds": 10,
    "t_test_pvalue_corrected": 8.242930219542956e-07,
    "wilcoxon_pvalue_corrected": 0.041015625,
    "significance": "***"
  },
  "particle_only": {
    "rmse": 0.6990945040389186,
    "ci_lower": 0.6960288652333766,
    "ci_upper": 0.702006360517928,
    "improvement_%": 14.13499582150112,
    "t_test_pvalue": 8.409285615495338e-08,
    "wilcoxon_pvalue": 0.001953125,
    "n_folds": 10,
    "t_test_pvalue_corrected": 7.568357053945804e-07,
    "wilcoxon_pvalue_corrected": 0.041015625,
    "significance": "***"
  },
  "confidence_only": {
    "rmse": 0.6951540114088169,
    "ci_lower": 0.6922005251463185,
    "ci_upper": 0.6990930041073272,
    "improvement_%": 14.618979623682732,
    "t_test_pvalue": 2.6916941502090975e-08,
    "wilcoxon_pvalue": 0.001953125,
    "n_folds": 10,
    "t_test_pvalue_corrected": 3.230032980250917e-07,
    "wilcoxon_pvalue_corrected": 0.041015625,
    "significance": "***"
  },
  "consensus_only": {
    "rmse": 0.6921608922046613,
    "ci_lower": 0.6895759156105782,
    "ci_upper": 0.6951486514242645,
    "improvement_%": 14.986604017075567,
    "t_test_pvalue": 2.9998261800303e-08,
    "wilcoxon_pvalue": 0.001953125,
    "n_folds": 10,
    "t_test_pvalue_corrected": 3.2998087980333304e-07,
    "wilcoxon_pvalue_corrected": 0.041015625,
    "significance": "***"
  },
  "stacking_only": {
    "rmse": 0.6885741478834748,
    "ci_lower": 0.6861433140710772,
    "ci_upper": 0.6906330907615392,
    "improvement_%": 15.427139330036255,
    "t_test_pvalue": 3.417219577987419e-08,
    "wilcoxon_pvalue": 0.001953125,
    "n_folds": 10,
    "t_test_pvalue_corrected": 3.417219577987419e-07,
    "wilcoxon_pvalue_corrected": 0.041015625,
    "significance": "***"
  },
  "kalman_adaptive": {
    "rmse": 0.6832148656101957,
    "ci_lower": 0.6803584873160506,
    "ci_upper": 0.6865720431373122,
    "improvement_%": 16.085383375913125,
    "t_test_pvalue": 1.895164671509151e-08,
    "wilcoxon_pvalue": 0.001953125,
    "n_folds": 10,
    "t_test_pvalue_corrected": 2.842747007263727e-07,
    "wilcoxon_pvalue_corrected": 0.041015625,
    "significance": "***"
  },
  "kalman_ema": {
    "rmse": 0.6818679655629919,
    "ci_lower": 0.6794453353188946,
    "ci_upper": 0.6844982023354385,
    "improvement_%": 16.250813911431596,
    "t_test_pvalue": 1.6131666997169972e-08,
    "wilcoxon_pvalue": 0.001953125,
    "n_folds": 10,
    "t_test_pvalue_corrected": 2.6924650886412204e-07,
    "wilcoxon_pvalue_corrected": 0.041015625,
    "significance": "***"
  },
  "adaptive_ema": {
    "rmse": 0.6775785902771416,
    "ci_lower": 0.6742201316226423,
    "ci_upper": 0.6808656309869342,
    "improvement_%": 16.77764858788069,
    "t_test_pvalue": 2.201411070261265e-08,
    "wilcoxon_pvalue": 0.001953125,
    "n_folds": 10,
    "t_test_pvalue_corrected": 3.0819754983657714e-07,
    "wilcoxon_pvalue_corrected": 0.041015625,
    "significance": "***"
  },
  "kalman_consensus": {
    "rmse": 0.6745217785523857,
    "ci_lower": 0.6704267904294622,
    "ci_upper": 0.678267537373517,
    "improvement_%": 17.15309589865577,
    "t_test_pvalue": 5.216407281189786e-09,
    "wilcoxon_pvalue": 0.001953125,
    "n_folds": 10,
    "t_test_pvalue_corrected": 1.095445529049855e-07,
    "wilcoxon_pvalue_corrected": 0.041015625,
    "significance": "***"
  },
  "stacking_adaptive": {
    "rmse": 0.6755394082960569,
    "ci_lower": 0.6725232894844745,
    "ci_upper": 0.6786570180256916,
    "improvement_%": 17.02810738610465,
    "t_test_pvalue": 1.5716770929927192e-08,
    "wilcoxon_pvalue": 0.001953125,
    "n_folds": 10,
    "t_test_pvalue_corrected": 2.6924650886412204e-07,
    "wilcoxon_pvalue_corrected": 0.041015625,
    "significance": "***"
  },
  "median_savgol": {
    "rmse": 0.6702255151261928,
    "ci_lower": 0.6678761061107796,
    "ci_upper": 0.672569704241115,
    "improvement_%": 17.680776598347627,
    "t_test_pvalue": 2.3624697831523282e-08,
    "wilcoxon_pvalue": 0.001953125,
    "n_folds": 10,
    "t_test_pvalue_corrected": 3.0819754983657714e-07,
    "wilcoxon_pvalue_corrected": 0.041015625,
    "significance": "***"
  },
  "spectral_bilateral": {
    "rmse": 0.6688786466165704,
    "ci_lower": 0.667348254334509,
    "ci_upper": 0.6704098277987368,
    "improvement_%": 17.846203260320326,
    "t_test_pvalue": 1.4958139381340114e-08,
    "wilcoxon_pvalue": 0.001953125,
    "n_folds": 10,
    "t_test_pvalue_corrected": 2.6924650886412204e-07,
    "wilcoxon_pvalue_corrected": 0.041015625,
    "significance": "***"
  },
  "best_three": {
    "rmse": 0.6683379684644231,
    "ci_lower": 0.666383774053117,
    "ci_upper": 0.6704700068742746,
    "improvement_%": 17.912611065738815,
    "t_test_pvalue": 1.106866365341488e-08,
    "wilcoxon_pvalue": 0.001953125,
    "n_folds": 10,
    "t_test_pvalue_corrected": 2.1030460941488273e-07,
    "wilcoxon_pvalue_corrected": 0.041015625,
    "significance": "***"
  },
  "all_filters": {
    "rmse": 0.6626282639833176,