{
  "kalman_only": {
    "rmse": 0.8159699373783207,
    "ci_lower": 0.8097191663838588,
    "ci_upper": 0.823186348190209,
    "improvement_%": 5.343379786446474,
    "t_test_pvalue": 0.00540645762813151,
    "wilcoxon_pvalue": 0.005859375,
    "n_folds": 10,
    "t_test_pvalue_corrected": 0.00540645762813151,
    "wilcoxon_pvalue_corrected": 0.041015625,
    "significance": "**"
  },
  "wavelet_only": {
    "rmse": 0.770045634976977,
    "ci_lower": 0.7628401032374796,
    "ci_upper": 0.7775652321855504,
    "improvement_%": 10.67083004146842,
    "t_test_pvalue": 7.474878977482746e-05,
    "wilcoxon_pvalue": 0.001953125,
    "n_folds": 10,
    "t_test_pvalue_corrected": 0.00016343315287994502,
    "wilcoxon_pvalue_corrected": 0.041015625,
    "significance": "***"
  },
  "spectral_only": {
    "rmse": 0.7336950189171378,
    "ci_lower": 0.7278235892444698,
    "ci_upper": 0.7404721465201916,
    "improvement_%": 14.887684488288034,
    "t_test_pvalue": 2.2068070348539405e-05,
    "wilcoxon_pvalue": 0.001953125,
    "n_folds": 10,
    "t_test_pvalue_corrected": 8.827228139415762e-05,
    "wilcoxon_pvalue_corrected": 0.041015625,
    "significance": "***"
  },
  "adaptive_only": {
    "rmse": 0.72314368539595,
    "ci_lower": 0.7127009104076288,
    "ci_upper": 0.7363156576749502,
    "improvement_%": 16.111692290671748,
    "t_test_pvalue": 5.447771762664834e-05,
    "wilcoxon_pvalue": 0.001953125,
    "n_folds": 10,
    "t_test_pvalue_corrected": 0.00016343315287994502,
    "wilcoxon_pvalue_corrected": 0.041015625,
    "significance": "***"
  },
  "ema_only": {
    "rmse": 0.6999865622613447,
    "ci_lower": 0.6963646939493864,
    "ci_upper": 0.703846123307699,
    "improvement_%": 18.798035143980236,
    "t_test_pvalue": 3.7093183214309543e-06,
    "wilcoxon_pvalue": 0.001953125,
    "n_folds": 10,
    "t_test_pvalue_corrected": 1.8546591607154773e-05,
    "wilcoxon_pvalue_corrected": 0.041015625,
    "significance": "***"
  },
  "median_only": {
    "rmse": 0.6913591667586501,
    "ci_lower": 0.6806816585975513,
    "ci_upper": 0.7014073586783106,
    "improvement_%": 19.798856451385895,
    "t_test_pvalue": 1.1436119034526682e-06,
    "wilcoxon_pvalue": 0.001953125,
    "n_folds": 10,
    "t_test_pvalue_corrected": 8.840994695868299e-06,
    "wilcoxon_pvalue_corrected": 0.041015625,
    "significance": "***"
  },
  "bilateral_only": {
    "rmse": 0.6822791072299965,
    "ci_lower": 0.6754026217139066,
    "ci_upper": 0.6894038911857707,
    "improvement_%": 20.852189064449703,
    "t_test_pvalue": 8.631609236353041e-07,
    "wilcoxon_pvalue": 0.001953125,
    "n_folds": 10,
    "t_test_pvalue_corrected": 8.050245379719144e-06,
    "wilcoxon_pvalue_corrected": 0.041015625,
    "significance": "***"
  },
  "savgol_only": {
    "rmse": 0.6795904184790151,
    "ci_lower": 0.6755038525754832,
    "ci_upper": 0.6838680798973634,
    "improvement_%": 21.16409049404379,
    "t_test_pvalue": 1.1051243369835374e-06,
    "wilcoxon_pvalue": 0.001953125,
    "n_folds": 10,
    "t_test_pvalue_corrected": 8.840994695868299e-06,
    "wilcoxon_pvalue_corrected": 0.041015625,
    "significance": "***"
  },
  "particle_only": {
    "rmse": 0.6756397750738278,
    "ci_lower": 0.667568028515693,
    "ci_upper": 0.6850152966710842,
    "improvement_%": 21.622385016027653,
    "t_test_pvalue": 1.882048135297249e-06,
    "wilcoxon_pvalue": 0.001953125,
    "n_folds": 10,
    "t_test_pvalue_corrected": 1.1292288811783494e-05,
    "wilcoxon_pvalue_corrected": 0.041015625,
    "significance": "***"
  },
  "confidence_only": {
    "rmse": 0.6699116757547123,
    "ci_lower": 0.6628348379740728,
    "ci_upper": 0.6759277218789607,
    "improvement_%": 22.286873371489747,
    "t_test_pvalue": 6.70853781643262e-07,
    "wilcoxon_pvalue": 0.001953125,
    "n_folds": 10,
    "t_test_pvalue_corrected": 8.050245379719144e-06,
    "wilcoxon_pvalue_corrected": 0.041015625,
    "significance": "***"
  },
  "consensus_only": {
    "rmse": 0.6688363637319154,
    "ci_lower": 0.6630158004508138,
    "ci_upper": 0.6756908372244702,
    "improvement_%": 22.411614979103373,
    "t_test_pvalue": 7.198970752810457e-07,
    "wilcoxon_pvalue": 0.001953125,
    "n_folds": 10,
    "t_test_pvalue_corrected": 8.050245379719144e-06,
    "wilcoxon_pvalue_corrected": 0.041015625,
    "significance": "***"
  },
  "stacking_only": {
    "rmse": 0.6598402694740269,
    "ci_lower": 0.6565407427551904,
    "ci_upper": 0.6633358909300677,
    "improvement_%": 23.45520719808909,
    "t_test_pvalue": 4.2286538237354445e-07,
    "wilcoxon_pvalue": 0.001953125,
    "n_folds": 10,
    "t_test_pvalue_corrected": 5.9201153532296226e-06,
    "wilcoxon_pvalue_corrected": 0.041015625,
    "significance": "***"
  },
  "kalman_adaptive": {
    "rmse": 0.6511898166993135,
    "ci_lower": 0.6444271575420938,
    "ci_upper": 0.6596751249686033,
    "improvement_%": 24.45870326511598,
    "t_test_pvalue": 8.446846897252093e-08,
    "wilcoxon_pvalue": 0.001953125,
    "n_folds": 10,
    "t_test_pvalue_corrected": 1.6893693794504187e-06,
    "wilcoxon_pvalue_corrected": 0.041015625,
    "significance": "***"
  },
  "kalman_ema": {
    "rmse": 0.6507479360573946,
    "ci_lower": 0.6430520210092793,
    "ci_upper": 0.6571581436415135,
    "improvement_%": 24.509963643943454,
    "t_test_pvalue": 3.0852172808738424e-07,
    "wilcoxon_pvalue": 0.001953125,
    "n_folds": 10,
    "t_test_pvalue_corrected": 4.936347649398148e-06,
    "wilcoxon_pvalue_corrected": 0.041015625,
    "significance": "***"
  },
  "adaptive_ema": {
    "rmse": 0.65212627016266,
    "ci_lower": 0.6452918992384821,
    "ci_upper": 0.6585524523145703,
    "improvement_%": 24.35006994939303,
    "t_test_pvalue": 2.279478259911545e-07,
    "wilcoxon_pvalue": 0.001953125,
    "n_folds": 10,
    "t_test_pvalue_corrected": 4.103060867840781e-06,
    "wilcoxon_pvalue_corrected": 0.041015625,
    "significance": "***"
  },
  "kalman_consensus": {
    "rmse": 0.6430222026840876,
    "ci_lower": 0.6356965853779426,
    "ci_upper": 0.6511433582278355,
    "improvement_%": 25.406187605500058,
    "t_test_pvalue": 1.852986768045288e-07,
    "wilcoxon_pvalue": 0.001953125,
    "n_folds": 10,
    "t_test_pvalue_corrected": 3.5206748592860472e-06,
    "wilcoxon_pvalue_corrected": 0.041015625,
    "significance": "***"
  },
  "stacking_adaptive": {
    "rmse": 0.6455479417456578,
    "ci_lower": 0.6379328216466248,
    "ci_upper": 0.653494934671834,
    "improvement_%": 25.11318916014344,
    "t_test_pvalue": 4.1560802334205426e-08,
    "wilcoxon_pvalue": 0.001953125,
    "n_folds": 10,
    "t_test_pvalue_corrected": 8.727768490183139e-07,
    "wilcoxon_pvalue_corrected": 0.041015625,
    "significance": "***"
  },
  "median_savgol": {
    "rmse": 0.6436157274638779,
    "ci_lower": 0.6372532356164817,
    "ci_upper": 0.6496483890008932,
    "improvement_%": 25.337335743324296,
    "t_test_pvalue": 3.650477977279125e-07,
    "wilcoxon_pvalue": 0.001953125,
    "n_folds": 10,
    "t_test_pvalue_corrected": 5.475716965918687e-06,
    "wilcoxon_pvalue_corrected": 0.041015625,
    "significance": "***"
  },
  "spectral_bilateral": {
    "rmse": 0.6382095907468968,
    "ci_lower": 0.6300332943511171,
    "ci_upper": 0.646425616237589,
    "improvement_%": 25.96447481622444,
    "t_test_pvalue": 2.752123118137638e-07,
    "wilcoxon_pvalue": 0.001953125,
    "n_folds": 10,
    "t_test_pvalue_corrected": 4.678609300833984e-06,
    "wilcoxon_pvalue_corrected": 0.041015625,
    "significance": "***"
  },
  "best_three": {
    "rmse": 0.6407185917971729,
    "ci_lower": 0.6324127343702903,
    "ci_upper": 0.6501395031144371,
    "improvement_%": 25.67341806443471,
    "t_test_pvalue": 6.013839691880511e-07,
    "wilcoxon_pvalue": 0.001953125,
    "n_folds": 10,
    "t_test_pvalue_corrected": 7.817991599444665e-06,
    "wilcoxon_pvalue_corrected": 0.041015625,
    "significance": "***"
  },
  "all_filters": {
    "rmse": 0.6424593278397187,
    "ci_lower": 0.6337102997837953,