{
  "kalman_only": {
    "rmse": 0.4993486585010703,
    "ci_lower": 0.47833198652440595,
    "ci_upper": 0.5180605433048477,
    "improvement_%": 8.585371619194035,
    "t_test_pvalue": 0.32811271018080845,
    "wilcoxon_pvalue": 0.845703125,
    "n_folds": 10,
    "t_test_pvalue_corrected": 0.32811271018080845,
    "wilcoxon_pvalue_corrected": 0.845703125,
    "significance": "n.s."
  },
  "wavelet_only": {
    "rmse": 0.44584153277167804,
    "ci_lower": 0.43384716162879444,
    "ci_upper": 0.4582434745857651,
    "improvement_%": 18.38079998573879,
    "t_test_pvalue": 0.0681270220354108,
    "wilcoxon_pvalue": 0.130859375,
    "n_folds": 10,
    "t_test_pvalue_corrected": 0.1362540440708216,
    "wilcoxon_pvalue_corrected": 0.26171875,
    "significance": "n.s."
  },
  "spectral_only": {
    "rmse": 0.4157873410910261,
    "ci_lower": 0.40499729574939763,
    "ci_upper": 0.4294971448283457,
    "improvement_%": 23.882752813687397,
    "t_test_pvalue": 0.023527951215905743,
    "wilcoxon_pvalue": 0.013671875,
    "n_folds": 10,
    "t_test_pvalue_corrected": 0.09722765608096193,
    "wilcoxon_pvalue_corrected": 0.0546875,
    "significance": "n.s."
  },
  "adaptive_only": {
    "rmse": 0.4068404707675752,
    "ci_lower": 0.3977694699409486,
    "ci_upper": 0.41665668020886043,
    "improvement_%": 25.520636107986416,
    "t_test_pvalue": 0.02220943070127537,
    "wilcoxon_pvalue": 0.009765625,
    "n_folds": 10,
    "t_test_pvalue_corrected": 0.09722765608096193,
    "wilcoxon_pvalue_corrected": 0.0546875,
    "significance": "n.s."
  },
  "ema_only": {
    "rmse": 0.3959372843078399,
    "ci_lower": 0.3837914822962951,
    "ci_upper": 0.40951575303927806,
    "improvement_%": 27.516657768233244,
    "t_test_pvalue": 0.012254204774965242,
    "wilcoxon_pvalue": 0.00390625,
    "n_folds": 10,
    "t_test_pvalue_corrected": 0.09722765608096193,
    "wilcoxon_pvalue_corrected": 0.0546875,
    "significance": "n.s."
  },
  "median_only": {
    "rmse": 0.3740799683730904,
    "ci_lower": 0.3643099130887484,
    "ci_upper": 0.38360011041334996,
    "improvement_%": 31.518027111198478,
    "t_test_pvalue": 0.005872786986066195,
    "wilcoxon_pvalue": 0.001953125,
    "n_folds": 10,
    "t_test_pvalue_corrected": 0.09722765608096193,
    "wilcoxon_pvalue_corrected": 0.0546875,
    "significance": "n.s."
  },
  "bilateral_only": {
    "rmse": 0.3742900891944462,
    "ci_lower": 0.36239359923150577,
    "ci_upper": 0.38688552459178405,
    "improvement_%": 31.47956076814878,
    "t_test_pvalue": 0.007789875040344318,
    "wilcoxon_pvalue": 0.00390625,
    "n_folds": 10,
    "t_test_pvalue_corrected": 0.09722765608096193,
    "wilcoxon_pvalue_corrected": 0.0546875,
    "significance": "n.s."
  },
  "savgol_only": {
    "rmse": 0.3685718571325818,
    "ci_lower": 0.35712376658573686,
    "ci_upper": 0.3798086775578109,
    "improvement_%": 32.52638456557253,
    "t_test_pvalue": 0.009054156224892885,
    "wilcoxon_pvalue": 0.001953125,
    "n_folds": 10,
    "t_test_pvalue_corrected": 0.09722765608096193,
    "wilcoxon_pvalue_corrected": 0.0546875,
    "significance": "n.s."
  },
  "particle_only": {
    "rmse": 0.3651337518302298,
    "ci_lower": 0.3562936329949324,
    "ci_upper": 0.37420574472211154,
    "improvement_%": 33.155790719364994,
    "t_test_pvalue": 0.006478339766367515,
    "wilcoxon_pvalue": 0.001953125,
    "n_folds": 10,
    "t_test_pvalue_corrected": 0.09722765608096193,
    "wilcoxon_pvalue_corrected": 0.0546875,
    "significance": "n.s."
  },
  "confidence_only": {
    "rmse": 0.3607711025175319,
    "ci_lower": 0.34938308403943863,
    "ci_upper": 0.3738668021150816,
    "improvement_%": 33.95445105195343,
    "t_test_pvalue": 0.005780333114906105,
    "wilcoxon_pvalue": 0.00390625,
    "n_folds": 10,
    "t_test_pvalue_corrected": 0.09722765608096193,
    "wilcoxon_pvalue_corrected": 0.0546875,
    "significance": "n.s."
  },
  "consensus_only": {
    "rmse": 0.3521539792054328,
    "ci_lower": 0.3449236743158901,
    "ci_upper": 0.35900232728596926,
    "improvement_%": 35.531968307435214,
    "t_test_pvalue": 0.004385508013778765,
    "wilcoxon_pvalue": 0.001953125,
    "n_folds": 10,
    "t_test_pvalue_corrected": 0.08771016027557531,
    "wilcoxon_pvalue_corrected": 0.041015625,
    "significance": "n.s."
  },
  "stacking_only": {
    "rmse": 0.36099586816892726,
    "ci_lower": 0.35467535390470106,
    "ci_upper": 0.36773578664996176,
    "improvement_%": 33.91330371302445,
    "t_test_pvalue": 0.007519640929117552,
    "wilcoxon_pvalue": 0.00390625,
    "n_folds": 10,
    "t_test_pvalue_corrected": 0.09722765608096193,
    "wilcoxon_pvalue_corrected": 0.0546875,
    "significance": "n.s."
  },
  "kalman_adaptive": {
    "rmse": 0.3544560319351976,
    "ci_lower": 0.3479044730884541,
    "ci_upper": 0.3614060326954569,
    "improvement_%": 35.11053672607047,
    "t_test_pvalue": 0.0056359702050980225,
    "wilcoxon_pvalue": 0.001953125,
    "n_folds": 10,
    "t_test_pvalue_corrected": 0.09722765608096193,
    "wilcoxon_pvalue_corrected": 0.041015625,
    "significance": "n.s."
  },
  "kalman_ema": {
    "rmse": 0.35777390266830833,
    "ci_lower": 0.35251392507966767,
    "ci_upper": 0.3634387147276068,
    "improvement_%": 34.50314164265658,
    "t_test_pvalue": 0.005427623626472011,
    "wilcoxon_pvalue": 0.001953125,
    "n_folds": 10,
    "t_test_pvalue_corrected": 0.09722765608096193,
    "wilcoxon_pvalue_corrected": 0.041015625,
    "significance": "n.s."
  },
  "adaptive_ema": {
    "rmse": 0.36067247970418975,
    "ci_lower": 0.3538580670345225,
    "ci_upper": 0.36789749590568394,
    "improvement_%": 33.972505707108816,
    "t_test_pvalue": 0.004624211376803355,
    "wilcoxon_pvalue": 0.001953125,
    "n_folds": 10,
    "t_test_pvalue_corrected": 0.08786001615926374,
    "wilcoxon_pvalue_corrected": 0.041015625,
    "significance": "n.s."
  },
  "kalman_consensus": {
    "rmse": 0.35671591054299473,
    "ci_lower": 0.34957534170760557,
    "ci_upper": 0.36422905509459635,
    "improvement_%": 34.69682586573166,
    "t_test_pvalue": 0.00540153644894233,
    "wilcoxon_pvalue": 0.001953125,
    "n_folds": 10,
    "t_test_pvalue_corrected": 0.09722765608096193,
    "wilcoxon_pvalue_corrected": 0.041015625,
    "significance": "n.s."
  },
  "stacking_adaptive": {
    "rmse": 0.3575079276088855,
    "ci_lower": 0.3500818945084114,
    "ci_upper": 0.36502901512505453,
    "improvement_%": 34.551833094614594,
    "t_test_pvalue": 0.0040755412531417136,
    "wilcoxon_pvalue": 0.001953125,
    "n_folds": 10,
    "t_test_pvalue_corrected": 0.08558636631597598,
    "wilcoxon_pvalue_corrected": 0.041015625,
    "significance": "n.s."
  },
  "median_savgol": {
    "rmse": 0.3632940143509142,
    "ci_lower": 0.35602987319801244,
    "ci_upper": 0.3705520608056827,
    "improvement_%": 33.49258729451693,
    "t_test_pvalue": 0.0075175230083401705,
    "wilcoxon_pvalue": 0.001953125,
    "n_folds": 10,
    "t_test_pvalue_corrected": 0.09722765608096193,
    "wilcoxon_pvalue_corrected": 0.0546875,
    "significance": "n.s."
  },
  "spectral_bilateral": {
    "rmse": 0.361900642400645,
    "ci_lower": 0.3536375596906855,
    "ci_upper": 0.3698892695534248,
    "improvement_%": 33.747668742842926,
    "t_test_pvalue": 0.005434040511075197,
    "wilcoxon_pvalue": 0.001953125,
    "n_folds": 10,
    "t_test_pvalue_corrected": 0.09722765608096193,
    "wilcoxon_pvalue_corrected": 0.041015625,
    "significance": "n.s."
  },
  "best_three": {
    "rmse": 0.3579779683124395,
    "ci_lower": 0.3486261972671604,
    "ci_upper": 0.36740201616561957,
    "improvement_%": 34.46578380719241,
    "t_test_pvalue": 0.0075768902596391255,
    "wilcoxon_pvalue": 0.001953125,
    "n_folds": 10,
    "t_test_pvalue_corrected": 0.09722765608096193,
    "wilcoxon_pvalue_corrected": 0.0546875,
    "significance": "n.s."
  },
  "all_filters": {
    "rmse": 0.36543265041603623,
    "ci_lower": 0.36084582204395055,
    "ci_upper": 0.36981717296918865,